ID,Name,City,Email,Gender,Percentage
1,Sarge Brettoner,Cinyawar,sbrettoner0@stanford.edu,Male,23
2,Helyn Schuchmacher,Yidu,hschuchmacher1@howstuffworks.com,Female,97.2
3,Giffer Garroch,Sussex,ggarroch2@issuu.com,Male,76.2
4,Eduino Halladey,Chalamarca,ehalladey3@intel.com,Male,98.8
5,Deina Freemantle,Philadelphia,dfreemantle4@woothemes.com,Female,45.6
6,Evelyn Twiddle,Nonsan,etwiddle5@123-reg.co.uk,Genderfluid,14.7
7,Hagan Leeson,Delgermörön,hleeson6@alexa.com,Male,50.1
8,Jermain McAmish,Yŏnmu,jmcamish7@biblegateway.com,Male,52.7
9,Janetta Gurrado,Bazi,jgurrado8@ibm.com,Female,4
10,Abdel Dallaway,Vysokogornyy,adallaway9@yahoo.co.jp,Male,50
11,Marna Keller,Vavozh,mkellera@businessweek.com,Female,43.3
12,Karol Ilieve,Laboulaye,kilieveb@tripod.com,Non-binary,5.5
13,Doretta Bukac,Musawa,dbukacc@mlb.com,Female,2.1
14,Even Alphonso,Playas,ealphonsod@marriott.com,Male,7
15,Delbert Mawtus,Taywanak Ilaya,dmawtuse@skyrock.com,Male,61.4
16,Bertina Harhoff,Baranów,bharhofff@fc2.com,Female,45.7
17,Cleon Denkin,Berestechko,cdenking@about.com,Male,90.4
18,Jaynell Hamlyn,Tagkawayan Sabang,jhamlynh@bizjournals.com,Female,13.7
19,Gabie Hadwin,Huaguo,ghadwini@typepad.com,Male,27.9
20,Xenia McJerrow,Fengshan,xmcjerrowj@usnews.com,Female,52.8
21,Jamey Cowley,Nanjie,jcowleyk@earthlink.net,Male,31.9
22,Myca Vagg,Cotabato,mvaggl@youtube.com,Male,22.7
23,Nilson Sends,Brotas,nsendsm@vistaprint.com,Non-binary,5.2
24,Rae Andrea,Santa Lucia,randrean@samsung.com,Female,60.3
25,Connie Doniso,Komatsu,cdonisoo@ucoz.ru,Female,67.3
26,Douglas Wevell,Parumasan,dwevellp@people.com.cn,Male,28.2
27,Dan Newcomen,Mugango,dnewcomenq@huffingtonpost.com,Male,8.7
28,Adriaens Bulger,Zhigong,abulgerr@google.de,Female,64.1
29,Edvard Lepoidevin,Lolotique,elepoidevins@imageshack.us,Male,18
30,Carmen Rowth,Bual,crowtht@un.org,Female,61.3
31,Flemming Smieton,Wichita,fsmietonu@howstuffworks.com,Male,6.6
32,Lorie Jamieson,Wageningen,ljamiesonv@apple.com,Female,73.2
33,Bernadene Gallico,Tomé Açu,bgallicow@tuttocitta.it,Female,85.7
34,Ginger Kruschov,Ludvika,gkruschovx@csmonitor.com,Female,20
35,Grayce Flavelle,Sumberkrajan,gflavelley@spiegel.de,Female,99.6
36,Artemis Burrus,Aranitas,aburrusz@biblegateway.com,Male,49.7
37,Berk Chafer,Jetak Kulon,bchafer10@vistaprint.com,Male,24.2
38,Alard Lanahan,Weiqi,alanahan11@live.com,Male,19.5
39,Gui Poile,Borbon,gpoile12@drupal.org,Female,66.8
40,Hermina Cossell,Turba,hcossell13@scribd.com,Female,91.9
41,Amber Chicken,Kariya,achicken14@redcross.org,Genderfluid,69.9
42,Freddie Huertas,Kete Krachi,fhuertas15@fda.gov,Female,70.9
43,Karisa Alban,Yushanpu,kalban16@un.org,Female,99.9
44,Lura Scollard,Paris 02,lscollard17@nyu.edu,Female,38.5
45,Merwin Ravel,Lethem,mravel18@taobao.com,Male,38.9
46,Leeland Michelmore,Turangi,lmichelmore19@ustream.tv,Male,54.5
47,Sargent Hempshall,Hongmei,shempshall1a@soundcloud.com,Male,91.9
48,Justin Arboin,Adelaide Mail Centre,jarboin1b@domainmarket.com,Male,3.7
49,Ardene Jordon,Daming,ajordon1c@w3.org,Female,30.3
50,Mona Shillan,Mont-de-Marsan,mshillan1d@is.gd,Female,6.7
51,Dix Marchetti,Ambunti,dmarchetti1e@disqus.com,Female,62.1
52,Derek Regan,Nuštar,dregan1f@state.gov,Male,67.9
53,Eachelle Barwell,Libourne,ebarwell1g@unc.edu,Genderfluid,63.5
54,Enrika Haug,Mataraben,ehaug1h@microsoft.com,Female,59.9
55,Leanor De Bischop,Austin,lde1i@house.gov,Female,29.3
56,Rose Kment,Laojie,rkment1j@squarespace.com,Female,49.7
57,Robby Kezor,Shīrvān,rkezor1k@amazonaws.com,Male,62.3
58,Ernaline Barosch,Tanzybey,ebarosch1l@google.com.hk,Female,83.2
59,Brigit Labone,Aguazul,blabone1m@so-net.ne.jp,Female,88.2
60,Guthrey Cisland,Jombang,gcisland1n@51.la,Male,40.5
61,Prinz Golsworthy,Xekar,pgolsworthy1o@opera.com,Male,2.2
62,Ebeneser Spaughton,Palu,espaughton1p@angelfire.com,Male,5.6
63,Jozef Leete,Gembu,jleete1q@istockphoto.com,Male,79.5
64,Barth Revett,Zhuyang,brevett1r@netvibes.com,Male,87.6
65,Barny Malatalant,Mrkonjić Grad,bmalatalant1s@storify.com,Agender,14.1
66,Irena Jovanovic,Fuquan,ijovanovic1t@xrea.com,Female,40.2
67,Amalle O'Teague,Dīvāndarreh,aoteague1u@ebay.co.uk,Female,38.4
68,Hayes Feek,Nogliki,hfeek1v@latimes.com,Male,94.4
69,Marnia Rosenwald,Ekerö,mrosenwald1w@skype.com,Female,67.7
70,Fianna Pockett,Koshki,fpockett1x@domainmarket.com,Female,44
71,Andreana Cruise,Bergen,acruise1y@va.gov,Female,87.5
72,Wain Oliphant,Krajan Winong,woliphant1z@ucla.edu,Male,85.9
73,Candi Dunstone,Bambari,cdunstone20@marketwatch.com,Female,99.5
74,Kerwin Kirkup,Daphu,kkirkup21@deliciousdays.com,Male,65.8
75,Lionello Dispencer,Kerkrade,ldispencer22@reddit.com,Male,98.6
76,Edwin Sketh,Mesker-Yurt,esketh23@networkadvertising.org,Male,3.4
77,Rosette Marsy,Ayteke Bi,rmarsy24@baidu.com,Female,64.3
78,Gasper Fontell,Wuduhe,gfontell25@shutterfly.com,Male,34.2
79,Natalina Gibbens,Hlybokaye,ngibbens26@fc2.com,Polygender,94.6
80,Natalie Edgerly,Šmartno pri Litiji,nedgerly27@angelfire.com,Female,21.5
81,Anneliese Annakin,Niška Banja,aannakin28@telegraph.co.uk,Polygender,31
82,Tarrah Fildes,Huainan,tfildes29@narod.ru,Female,5
83,Eamon Kemet,Thạnh Hóa,ekemet2a@vk.com,Polygender,93.8
84,Quinn Routh,Undurkhaan,qrouth2b@webnode.com,Female,26.9
85,Francoise Pawlik,Victoria,fpawlik2c@twitpic.com,Female,51.7
86,Charlie Ramalhete,Jetak Kulon,cramalhete2d@engadget.com,Male,62.8
87,Rivy Whitmarsh,Bei’an,rwhitmarsh2e@wiley.com,Female,29
88,Kleon Gossling,Včelná,kgossling2f@patch.com,Male,40.2
89,Maurizio Bradberry,Norfolk,mbradberry2g@netlog.com,Male,61.6
90,Melisse Sayles,Brondong,msayles2h@earthlink.net,Female,14.7
91,Ryann Sixsmith,Nebug,rsixsmith2i@alexa.com,Female,95
92,Spenser Griffitts,Perbaungan,sgriffitts2j@topsy.com,Male,77.1
93,Eveline Nussii,Karlskrona,enussii2k@goodreads.com,Female,74
94,Minnie Bruyett,Gambēla,mbruyett2l@wikispaces.com,Female,54.7
95,Win Neylan,Mulawato,wneylan2m@icq.com,Male,70.7
96,Hartwell Valintine,Kasiyan,hvalintine2n@buzzfeed.com,Male,41.5
97,Melinde Madgett,Viangxai,mmadgett2o@uiuc.edu,Female,82.2
98,Sinclair Ewer,Brunflo,sewer2p@ted.com,Male,1.5
99,Lenna Finby,Kholm,lfinby2q@marketwatch.com,Genderfluid,23.4
100,Serge Zelland,Kaliuling,szelland2r@amazon.co.jp,Male,82.6
